Product Group,Category,Series,SKU,Name,Product life cycle,Promo Catalogue Print?,Sale price in Australia,Margin,AU24 (FY25 CMSP),AU23 (LIST),AU03 (DIST),AU21 (END),AU04 (CNT),AU05 (WHS),AU06 (PNB),AU07 (TSC),AU08 (RES),AU09 (OEM),FA at 7-04-2025
Emergency stop and control devices,Emergency stop pushbutton switches,A22E/A22NE-P/A22NE-PD,A2275021C,A22NZ-H-02,Key Promotional Product,,10,51%,4.854,19.28,6.74,0,15.42,13.48,11.58,6.74,11.58,9.62,19.28
Emergency stop and control devices,Emergency stop pushbutton switches,A22E/A22NE-P/A22NE-PD,A22E2002A,A22E-M,Key Promotional Product,,19,70%,5.635,83.12,20.78,20.487,66.5,58.18,49.86,29.1,49.86,41.56,83.12
Emergency stop and control devices,Emergency stop pushbutton switches,A22E/A22NE-P/A22NE-PD,A22E7001M,A22E-M-01,Key Promotional Product,,39,83%,6.445,115.06,43.14,23.828,92.06,80.54,69.04,40.26,69.04,57.54,115.06
Emergency stop and control devices,Emergency stop pushbutton switches,A22E/A22NE-P/A22NE-PD,A22 9156B,A22Z-EG2,Key Promotional Product,,27,35%,17.487,100.18,37.58,39.17,80.16,70.14,60.12,35.06,60.12,50.08,100.18
Emergency stop and control devices,Emergency stop pushbutton switches,A22E/A22NE-P/A22NE-PD,A22E0011M,A22NE-M-N,Key Promotional Product,,27,47%,14.289,63.28,31.66,0,56.94,44.28,37.98,31.66,37.98,31.66,31.66
Emergency stop and control devices,Emergency stop pushbutton switches,A22E/A22NE-P/A22NE-PD,A22E0001B,A22Z-EG1,Key Promotional Product,,27,59%,11.175,141.84,53.2,40.943,113.5,99.3,85.1,49.64,85.1,70.94,141.84
Emergency stop and control devices,Emergency stop pushbutton switches,A22E/A22NE-P/A22NE-PD,A22E0190F,A22NE-M-PD02-C,Key Promotional Product,,59,52%,28.604,132.84,66.42,40.089,119.56,92.98,79.7,66.42,79.7,66.42,66.42
Emergency stop and control devices,Emergency stop pushbutton switches,A22E/A22NE-P/A22NE-PD,A22E0084E,A22NE-M-P202-N-B,Key Promotional Product,✅,99,62%,37.984,167.44,83.74,33.475,150.7,117.2,100.46,83.74,100.46,83.74,83.74
Safety Switches,Non-contact switches,D40A-2,D40A7002A,D40A-2C2,New Product,,TBC,#VALUE!,#N/A,#N/A,,,,,,,,,
Safety Switches,Non-contact switches,D40A-2,D40A7004H,D40A-2D2,New Product,,TBC,#VALUE!,#N/A,#N/A,,,,,,,,,
Safety Switches,Non-contact switches,D40A-2,D40A7001C,D40A-2C015-F,New Product,,TBC,#VALUE!,#N/A,#N/A,,,,,,,,,
Safety Switches,Non-contact switches,D40A-2,D40A7005F,D40A-2D5,New Product,,TBC,#VALUE!,#N/A,#N/A,,,,,,,,,
Safety Switches,Non-contact switches,D40A-2,D40A7003M,D40A-2C5,New Product,,TBC,#VALUE!,#N/A,#N/A,,,,,,,,,
Safety Switches,Non-contact switches,D41D,D41D5006M,D41D-SK,New Product,,23,62%,8.8,23.24,12.78,0,20.9,17.42,18.58,17.42,15.1,13.94,12.78
Safety Switches,Non-contact switches,D41D,D41D5007R,D41D-MS,New Product,,34,61%,13.2,34.34,18.88,0,30.9,25.76,27.48,25.76,22.32,20.6,18.88
Safety Switches,Non-contact switches,D41D,D41D5005B,D41D-A3,New Product,,47,62%,18,47.48,26.1,0,42.72,35.6,37.98,35.6,30.86,28.48,26.1
Safety Switches,Non-contact switches,D41D,D41D5004D,D41D-A2,New Product,,47,62%,18,47.48,26.1,0,42.72,35.6,37.98,35.6,30.86,28.48,26.1
Safety Switches,Non-contact switches,D41D,D41D5003F,D41D-A1,New Product,,57,61%,22,57.58,31.66,0,51.82,43.18,46.06,43.18,37.42,34.54,31.66
Safety Switches,Non-contact switches,D41D,D41D5008G,D41D-8P5-CFM8-702M,New Product,,64,62%,24.6,64.64,35.56,0,58.18,48.48,51.72,48.48,42.02,38.78,35.56
Safety Switches,Non-contact switches,D41D,D41D5009E,D41D-8P5-CFM8-705M,New Product,,81,61%,31.2,81.82,45,0,73.62,61.36,65.44,61.36,53.18,49.08,45
Safety Switches,Non-contact switches,D41D,D41L5014G,D41L-8P5-CFM12-905M,New Product,,117,62%,44.9,118.18,65,0,106.36,88.62,94.54,88.62,76.82,70.9,65
Safety Switches,Non-contact switches,D41D,D41D5010R,D41D-8P5-CFM8-710M,New Product,,117,62%,44.9,118.18,65,0,106.36,88.62,94.54,88.62,76.82,70.9,65
Safety Switches,Non-contact switches,D41D,D41L5015E,D41L-8P5-CFM12-910M,New Product,,161,61%,62,162.62,89.44,0,146.34,121.96,130.08,121.96,105.7,97.56,89.44
Safety Switches,Non-contact switches,D41D,D41D5002H,D41D-2CD-025N2,New Product,,433,61%,166.8,437.34,240.54,0,393.6,328,349.86,328,284.26,262.4,240.54
Safety Switches,Non-contact switches,D41D,D41D5001M,D41D-1CD-N1,New Product,,433,61%,166.8,437.34,240.54,0,393.6,328,349.86,328,284.26,262.4,240.54
Inductive Sensors,Compact - cylindrical,E2A-S,E2A 7368C,E2A-S12KS04-M1-B1 OMS,Key Promotional Product,,59,43%,33.469,262.3,105.4,57.407,209.84,183.6,157.38,91.84,157.38,131.16,262.3
Inductive Sensors,Compact - cylindrical,E2B,E2B 2144M,E2B-M12KS04-WP-B1 2M OMI,Key Promotional Product,✅,39,84%,6.255,149.46,59.78,52.3,119.56,104.62,89.68,52.32,89.68,74.72,149.46
Inductive Sensors,Compact - cylindrical,E2B,E2B 2048F,E2B-S08KS02-WP-B1 2M OMI,Key Promotional Product,,39,83%,6.82,149.46,59.78,53.177,119.56,104.62,89.68,52.32,89.68,74.72,149.46
Inductive Sensors,Compact - cylindrical,E2B,E2B 2056G,E2B-S08KS02-MC-B1 OMI,Key Promotional Product,,39,83%,6.82,149.46,59.78,55.888,119.56,104.62,89.68,52.32,89.68,74.72,149.46
Inductive Sensors,Compact - cylindrical,E2B,E2B 2080M,E2B-S08KN04-MC-B1 OMI,Key Promotional Product,✅,39,83%,6.472,142.32,56.92,59.743,113.88,99.62,85.4,49.8,85.4,71.18,142.32
Inductive Sensors,Compact - cylindrical,E2B,E2B 2152M,E2B-M12KS04-M1-B1 OMI,Key Promotional Product,✅,39,82%,6.97,149.46,59.78,50.609,119.56,104.62,89.68,52.32,89.68,74.72,149.46
Inductive Sensors,Compact - cylindrical,E2B,E2B 2168G,E2B-M12KN08-WP-B1 2M OMI,Key Promotional Product,,39,85%,5.879,149.46,59.78,51.982,119.56,104.62,89.68,52.32,89.68,74.72,149.46
Inductive Sensors,Compact - cylindrical,E2B,E2B 2176H,E2B-M12KN08-M1-B1 OMI,Key Promotional Product,,39,83%,6.566,149.46,59.78,51.93,119.56,104.62,89.68,52.32,89.68,74.72,149.46
Inductive Sensors,Compact - cylindrical,E2B,E2B 2269A,E2B-M30LN30-M1-C1 OMI,Key Promotional Product,,39,77%,8.89,197.02,78.68,0,157.58,137.92,118.22,68.96,118.22,98.54,197.02
Inductive Sensors,Compact - cylindrical,E2B,E2B 2320E,E2B-M18KS08-M1-B1 OMI,Key Promotional Product,✅,39,80%,7.732,149.46,59.78,20.967,119.56,104.62,89.68,52.32,89.68,74.72,149.46
Inductive Sensors,Compact - cylindrical,E2B,E2B 2322A,E2B-M18KS08-M1-B2 OMI,Key Promotional Product,,39,80%,7.732,142.32,56.92,52.186,113.88,99.62,85.4,49.8,85.4,71.18,142.32
Inductive Sensors,Compact - cylindrical,E2B,E2B 2153R,E2B-M12KS04-M1-C1 OMI,Key Promotional Product,,39,83%,6.669,149.46,59.78,53.916,119.56,104.62,89.68,52.32,89.68,74.72,149.46
Inductive Sensors,Compact - cylindrical,E2B,E2B 2177F,E2B-M12KN08-M1-C1 OMI,Key Promotional Product,,39,83%,6.66,149.46,59.78,52.008,119.56,104.62,89.68,52.32,89.68,74.72,149.46
Inductive Sensors,Compact - cylindrical,E2B,E2B 2268C,E2B-M30LN30-M1-B1 OMI,Key Promotional Product,,39,77%,8.89,197.02,78.68,71.433,157.58,137.92,118.22,68.96,118.22,98.54,197.02
Inductive Sensors,Compact - cylindrical,E2B,E2B 2312D,E2B-M18KS08-WP-B1 2M OMI,Key Promotional Product,,39,83%,6.491,149.46,59.78,51.894,119.56,104.62,89.68,52.32,89.68,74.72,149.46
Inductive Sensors,Compact - cylindrical,E2B,E2B 2321C,E2B-M18KS08-M1-C1 OMI,Key Promotional Product,,39,80%,7.732,149.46,59.78,20.368,119.56,104.62,89.68,52.32,89.68,74.72,149.46
Inductive Sensors,Compact - cylindrical,E2B,E2B 2336A,E2B-M18KN16-WP-B1 2M OMI,Key Promotional Product,,39,83%,6.669,149.46,59.78,51.231,119.56,104.62,89.68,52.32,89.68,74.72,149.46
Inductive Sensors,Compact - cylindrical,E2B,E2B 2344B,E2B-M18KN16-M1-B1 OMI,Key Promotional Product,,39,80%,7.732,149.46,59.78,52.134,119.56,104.62,89.68,52.32,89.68,74.72,149.46
Inductive Sensors,Compact - cylindrical,E2B,E2B 2316G,E2B-M18KS08-WP-C1 2M OMI,Key Promotional Product,,39,83%,6.465,149.46,59.78,54.183,119.56,104.62,89.68,52.32,89.68,74.72,149.46
Inductive Sensors,Compact - cylindrical,E2B,E2B 2220R,E2B-M30KN20-M1-B1 OMI,Key Promotional Product,,49,81%,9.256,173.94,69.16,60.62,139.12,121.76,104.32,60.86,104.32,86.96,173.94
Inductive Sensors,Compact - cylindrical,E2B,E2B 2244F,E2B-M30KS15-M1-B1 OMI,Key Promotional Product,✅,49,81%,9.256,173.94,69.16,60.608,139.12,121.76,104.32,60.86,104.32,86.96,173.94
Inductive Sensors,Compact - cylindrical,E2E NEXT,E2EN0971M,E2E-X8MB1T12-M1 OMS,Key Promotional Product,,69,81%,13.16,103.5,56.92,89.045,93.14,77.62,82.8,77.62,67.28,62.1,56.92
Inductive Sensors,Compact - cylindrical,E2E NEXT,E2E 8347M,E2E-X7D112 2M OMS,Key Promotional Product,,69,83%,11.844,160.42,88.24,0,144.38,120.32,128.34,120.32,104.28,96.26,88.24
Inductive Sensors,Compact - cylindrical,E2E NEXT,E2EN1494C,E2E-X8B1T18 2M OMS,Key Promotional Product,,69,81%,13.16,124.2,68.3,89.508,111.78,93.14,99.36,93.14,80.72,74.52,68.3
Inductive Sensors,Compact - cylindrical,E2E NEXT,E2EN1512E,E2E-X8B1T18-M1 OMS,Key Promotional Product,,69,78%,15.134,124.2,68.3,102.936,111.78,93.14,99.36,93.14,80.72,74.52,68.3
Inductive Sensors,Compact - cylindrical,E2E NEXT,E2EN2068D,E2E-X15B1T30 2M OMS,Key Promotional Product,,69,72%,19.082,144.9,79.7,0,130.42,108.68,115.92,108.68,94.18,86.94,79.7
Inductive Sensors,Compact - cylindrical,E2E NEXT,E2EN2086B,E2E-X15B1T30-M1 OMS,Key Promotional Product,,69,69%,21.056,144.9,79.7,0,130.42,108.68,115.92,108.68,94.18,86.94,79.7
Inductive Sensors,Compact - cylindrical,E2E NEXT,E2EN1097B,E2E-X2B1D12 2M OMS,Key Promotional Product,,70,87%,8.793,103.5,56.92,44.82,93.14,77.62,82.8,77.62,67.28,62.1,56.92
Inductive Sensors,Compact - cylindrical,E2E NEXT,E2EN1109M,E2E-X2B1D12-M1 OMS,Key Promotional Product,,70,85%,10.528,103.5,56.92,0,93.14,77.62,82.8,77.62,67.28,62.1,56.92
Inductive Sensors,Compact - cylindrical,E2E NEXT,E2EN1158H,E2E-X5MB1D12-M1 OMS,Key Promotional Product,,70,85%,10.528,103.5,56.92,55.824,93.14,77.62,82.8,77.62,67.28,62.1,56.92
Inductive Sensors,Compact - cylindrical,E2E NEXT,E2EN0613D,E2E-X2C112 2M OMS,Key Promotional Product,,70,87%,8.823,103.5,56.92,0,93.14,77.62,82.8,77.62,67.28,62.1,56.92
Inductive Sensors,Compact - cylindrical,E2E NEXT,E2EN0631B,E2E-X2C112-M1 OMS,Key Promotional Product,,70,85%,10.528,103.5,56.92,0,93.14,77.62,82.8,77.62,67.28,62.1,56.92
Inductive Sensors,Compact - cylindrical,E2E NEXT,E2EN0690H,E2E-X5MC112 2M OMS,Key Promotional Product,✅,70,87%,8.992,103.5,56.92,0,93.14,77.62,82.8,77.62,67.28,62.1,56.92
Inductive Sensors,Compact - cylindrical,E2E NEXT,E2EN0708D,E2E-X5MC112-M1 OMS,Key Promotional Product,,70,85%,10.528,103.5,56.92,0,93.14,77.62,82.8,77.62,67.28,62.1,56.92
Inductive Sensors,Compact - cylindrical,E2E NEXT,E2EN1695D,E2E-X5B1D18 2M OMS,Key Promotional Product,,80,87%,10.528,124.2,68.3,57.78,111.78,93.14,99.36,93.14,80.72,74.52,68.3
Inductive Sensors,Compact - cylindrical,E2E NEXT,E2EN1744F,E2E-X10MB1D18 2M OMS,Key Promotional Product,,80,87%,10.637,124.2,68.3,55.812,111.78,93.14,99.36,93.14,80.72,74.52,68.3
Inductive Sensors,Compact - cylindrical,E2E NEXT,E2EN1707A,E2E-X5B1D18-M1 OMS,Key Promotional Product,✅,80,85%,11.844,124.2,68.3,64.992,111.78,93.14,99.36,93.14,80.72,74.52,68.3
Inductive Sensors,Compact - cylindrical,E2E NEXT,E2EN1251G,E2E-X5C118 2M OMS,Key Promotional Product,,80,87%,10.528,124.2,68.3,52.944,111.78,93.14,99.36,93.14,80.72,74.52,68.3
Inductive Sensors,Compact - cylindrical,E2E NEXT,E2EN1269M,E2E-X5C118-M1 OMS,Key Promotional Product,,80,85%,11.844,124.2,68.3,59.556,111.78,93.14,99.36,93.14,80.72,74.52,68.3
Inductive Sensors,Compact - cylindrical,E2E NEXT,E2EN1328R,E2E-X10MC118 2M OMS,Key Promotional Product,,80,87%,10.597,124.2,68.3,55.044,111.78,93.14,99.36,93.14,80.72,74.52,68.3
Inductive Sensors,Compact - cylindrical,E2E NEXT,E2EN1346G,E2E-X10MC118-M1 OMS,Key Promotional Product,,80,85%,11.844,124.2,68.3,61.92,111.78,93.14,99.36,93.14,80.72,74.52,68.3
Inductive Sensors,Compact - cylindrical,E2E NEXT,E2EN1589C,E2E-X16MB1T18-M1 OMS,Key Promotional Product,✅,80,81%,15.134,124.2,68.3,0,111.78,93.14,99.36,93.14,80.72,74.52,68.3
Inductive Sensors,Compact - cylindrical,E2E NEXT,E2EN0489A,E2E-X1R5B1D8 2M OMS,Key Promotional Product,,85,88%,10.528,134.54,74,57.6,121.1,100.92,107.64,100.92,87.46,80.72,74
Inductive Sensors,Compact - cylindrical,E2E NEXT,E2EN0001B,E2E-X1R5C18 2M OMS,Key Promotional Product,,85,88%,10.528,134.54,74,57.78,121.1,100.92,107.64,100.92,87.46,80.72,74
Inductive Sensors,Compact - cylindrical,E2E NEXT,E2EN0073M,E2E-X2MC18 2M OMS,Key Promotional Product,,85,88%,10.528,134.54,74,55.812,121.1,100.92,107.64,100.92,87.46,80.72,74
Inductive Sensors,Compact - cylindrical,E2E NEXT,E2EN0275R,E2E-X2B1T8-M1 OMS,Key Promotional Product,✅,85,85%,13.16,134.54,74,0,121.1,100.92,107.64,100.92,87.46,80.72,74
Inductive Sensors,Compact - cylindrical,E2E NEXT,E2EN1756M,E2E-X10MB1D18-M1 OMS,Key Promotional Product,,86,86%,11.844,124.2,68.3,62.784,111.78,93.14,99.36,93.14,80.72,74.52,68.3
Inductive Sensors,Compact - cylindrical,E2E NEXT,E2EN0490E,E2E-X1R5B1D8 5M OMS,Key Promotional Product,,88,87%,11.186,139.72,76.84,0,125.76,104.8,111.78,104.8,90.82,83.84,76.84
Inductive Sensors,Compact - cylindrical,E2E NEXT,E2EN2257A,E2E-X10B1D30 2M OMS,Key Promotional Product,,90,84%,14.156,144.9,79.7,63.696,130.42,108.68,115.92,108.68,94.18,86.94,79.7
Inductive Sensors,Compact - cylindrical,E2E NEXT,E2EN2306C,E2E-X18MB1D30 2M OMS,Key Promotional Product,,90,85%,13.818,144.9,79.7,0,130.42,108.68,115.92,108.68,94.18,86.94,79.7
Inductive Sensors,Compact - cylindrical,E2E NEXT,E2EN2318G,E2E-X18MB1D30-M1 OMS,Key Promotional Product,✅,90,82%,15.792,144.9,79.7,82.572,130.42,108.68,115.92,108.68,94.18,86.94,79.7
Inductive Sensors,Compact - cylindrical,E2E NEXT,E2EN1837M,E2E-X10C130 2M OMS,Key Promotional Product,,90,84%,14.116,144.9,79.7,75.828,130.42,108.68,115.92,108.68,94.18,86.94,79.7
Inductive Sensors,Compact - cylindrical,E2E NEXT,E2EN1914G,E2E-X18MC130 2M OMS,Key Promotional Product,,90,85%,13.818,144.9,79.7,0,130.42,108.68,115.92,108.68,94.18,86.94,79.7
Inductive Sensors,Compact - cylindrical,E2E NEXT,E2EN2368C,E2E-X30MB1DL30-M1 OMS,Key Promotional Product,,98,79%,21.056,160.42,88.24,0,144.38,120.32,128.34,120.32,104.28,96.26,88.24
Inductive Sensors,Compact - cylindrical,E2E NEXT,E2E 8391H,E2E-X11D118 2M OMS,Key Promotional Product,,98,85%,14.476,175.96,96.78,0,158.36,131.96,140.76,131.96,114.36,105.58,96.78
Inductive Sensors,Compact - cylindrical,E2E NEXT,E2EN0930C,E2E-X9B1T12-M1 OMS,Key Promotional Product,,100,72%,27.636,165.6,91.08,0,149.04,124.2,132.48,124.2,107.64,99.36,91.08
Inductive Sensors,Compact - cylindrical,E2E NEXT,E2EN1007G,E2E-X16MB1T12-M1 OMS,Key Promotional Product,✅,100,72%,27.636,165.6,91.08,0,149.04,124.2,132.48,124.2,107.64,99.36,91.08
Inductive Sensors,Compact - cylindrical,E2E NEXT,E2EN1693H,E2E-X30MB1TL18-M1 OMS,Key Promotional Product,✅,113,73%,30.926,191.48,105.32,145.968,172.32,143.6,153.18,143.6,124.46,114.88,105.32
Inductive Sensors,Compact - cylindrical,E2E NEXT,E2EN2255E,E2E-X50MB1TL30-M1 OMS,Key Promotional Product,✅,119,70%,35.532,207,113.86,0,186.3,155.26,165.6,155.26,134.54,124.2,113.86
Photoelectric Sensors,Compact square Photoelectric Sensors,E3AS,E3AS0043H,E3AS-F1000IMT M3 OMS,Key Promotional Product,,159,27%,115.5,402.96,221.64,152.689,362.68,302.24,362.68,302.24,261.94,241.78,221.64
Photoelectric Sensors,Compact square Photoelectric Sensors,E3AS,E3AS0028D,E3AS-F1500IPT M3 OMS,Key Promotional Product,,169,41%,99,345.4,189.98,130.988,310.86,259.06,310.86,259.06,224.52,207.24,189.98
Photoelectric Sensors,Compact square Photoelectric Sensors,E3AS,E3AS0030F,E3AS-F1500IPT-M1TJ 0.3M OMS,Key Promotional Product,,169,39%,102.3,356.9,196.3,135.329,321.22,267.7,321.22,267.7,232,214.16,196.3
Photoelectric Sensors,Compact square Photoelectric Sensors,E3AS,E3AS0005E,E3AS-F1500IMN-M1TJ 0.3M OMS,Key Promotional Product,✅,179,33%,120.5,420.24,231.12,159.396,378.22,315.18,378.22,315.18,273.16,252.14,231.12
Photoelectric Sensors,Compact square Photoelectric Sensors,E3AS,E3AS0015B,E3AS-F1500IMT-M1TJ 0.3M OMS,Key Promotional Product,✅,179,33%,120.5,420.24,231.12,159.396,378.22,315.18,378.22,315.18,273.16,252.14,231.12
Photoelectric Sensors,Compact square Photoelectric Sensors,E3AS,E3AS0013F,E3AS-F1500IMT M3 OMS,Key Promotional Product,✅,179,35%,115.5,402.96,221.64,152.689,362.68,302.24,362.68,302.24,261.94,241.78,221.64
Photoelectric Sensors,Compact square Photoelectric Sensors,E3AS,E3AS0122A,E3AS-HL500MT M3 OMS,Key Promotional Product,,349,35%,226.1,773.14,425.22,0,695.84,579.86,618.52,579.86,502.54,463.88,425.22
Photoelectric Sensors,Compact square Photoelectric Sensors,E3AS,E3AS0106M,E3AS-HL500MT-M1TJ 0.3M OMS,Key Promotional Product,,359,32%,242.6,830.06,456.54,268.068,747.06,622.56,664.06,622.56,539.54,498.04,456.54
Photoelectric Sensors,Compact square Photoelectric Sensors,E3AS,E3AS0109D,E3AS-HL500LMT-M1TJ 0.3M OMS,Key Promotional Product,✅,389,34%,257.4,880.78,484.44,284.316,792.7,660.58,704.62,660.58,572.52,528.48,484.44
Photoelectric Sensors,Cylindrical,E3FA/E3FB,E3FA2022M,E3FA-TP11 2M OMI,Key Promotional Product,,35.99,63%,13.16,114.48,57.3,61.404,103.02,80.1,68.68,57.24,68.68,57.24,57.24
Photoelectric Sensors,Cylindrical,E3FA/E3FB,E3FA2033E,E3FA-TP21 OMI,Key Promotional Product,,35.99,63%,13.16,114.48,57.3,45.862,103.02,80.1,68.68,57.24,68.68,57.24,57.24
Photoelectric Sensors,Cylindrical,E3FA/E3FB,E3FA2037H,E3FA-DP22 OMI,Key Promotional Product,,35.99,76%,8.554,73.62,35.96,30.387,66.28,51.54,44.2,36.8,44.2,36.8,36.8
Photoelectric Sensors,Cylindrical,E3FA/E3FB,E3FA2038F,E3FA-DP23 OMI,Key Promotional Product,,35.99,76%,8.554,73.62,35.96,33.764,66.28,51.54,44.2,36.8,44.2,36.8,36.8
Photoelectric Sensors,Cylindrical,E3FA/E3FB,E3RA2018B,E3RA-DP22 OMI,Key Promotional Product,,35.99,69%,11.186,98.14,49.12,44.845,88.34,68.7,58.9,49.1,58.9,49.1,49.1
Photoelectric Sensors,Cylindrical,E3FA/E3FB,E3FA2000R,E3FA-TN11 2M OMI,Key Promotional Product,,39,66%,13.16,114.48,57.3,66.85,103.02,80.1,68.68,57.24,68.68,57.24,57.24
Photoelectric Sensors,Cylindrical,E3FA/E3FB,E3FA2012B,E3FA-RN21 OMI,Key Promotional Product,,39.99,75%,9.87,90.04,44.16,37.192,81.02,63.02,54.02,45,54.02,45,45
Photoelectric Sensors,Cylindrical,E3FA/E3FB,E3FB2034H,E3FB-RP21 OMI,Key Promotional Product,,42.99,40%,25.737,114.48,57.3,31.786,103.02,80.1,68.68,57.24,68.68,57.24,57.24
Photoelectric Sensors,Cylindrical,E3FA/E3FB,E3FB2040B,E3FB-LP22 OMI,Key Promotional Product,,52,16%,43.563,139.06,68.68,51.321,125.16,97.34,83.46,69.54,83.46,69.54,69.54
Photoelectric Sensors,Cylindrical,E3FA/E3FB,E3FA2011D,E3FA-TN21 OMI,Key Promotional Product,,58,77%,13.16,114.48,57.3,50.141,103.02,80.1,68.68,57.24,68.68,57.24,57.24
Photoelectric Sensors,Square type,E3JK,E3JK2014E,E3JK-DR11 2M OMI,Key Promotional Product,✅,69.99,76%,16.819,193.86,77.54,53.774,155.08,135.7,116.32,67.84,116.32,96.94,193.86
Photoelectric Sensors,Square type,E3JK,E3JK2000E,E3JK-TR11 2M OMI,Key Promotional Product,✅,69.99,66%,23.686,239.44,95.74,69.562,191.5,167.58,143.62,83.8,143.62,119.7,239.44
Photoelectric Sensors,Square type,E3JK,E3JK2017M,E3JK-DR12 2M OMI,Key Promotional Product,,69.99,72%,19.359,193.86,77.54,55.941,155.08,135.7,116.32,67.84,116.32,96.94,193.86
Photoelectric Sensors,Compact square Photoelectric Sensors,E3S-DB,E3S 7087B,E3S-DBP22 OMS,Key Promotional Product,✅,149,78%,32.959,331.9,165.92,93.223,265.5,232.32,282.1,212.4,212.4,212.4,212.4
Photoelectric Sensors,Compact square Photoelectric Sensors,E3Z,E3Z 4055C,E3Z-R86 OMI,Key Promotional Product,✅,149,84%,24.261,494.58,199.26,122.793,395.68,346.22,296.74,173.14,296.74,247.3,494.58
Photoelectric Sensors,Compact square Photoelectric Sensors,E3Z,E3Z 4041C,E3Z-T81 2M OMI,Key Promotional Product,,149,84%,23.662,624.6,248.72,0,499.66,437.22,374.76,218.6,374.76,312.3,624.6
Photoelectric Sensors,Compact square Photoelectric Sensors,E3Z,E3Z 7242M,E3Z-LS86 OMS,Key Promotional Product,,149,82%,27.215,624.6,248.72,0,499.66,437.22,374.76,218.62,374.76,312.32,624.6
Photoelectric Sensors,Compact square Photoelectric Sensors,E3Z,E3Z 4052R,E3Z-R61 2M OMI,Key Promotional Product,,149,88%,17.233,494.58,199.26,114.534,395.68,346.22,296.74,173.14,296.74,247.3,494.58
Photoelectric Sensors,Compact square Photoelectric Sensors,E3Z,E3Z 4063D,E3Z-D87 OMI,Key Promotional Product,✅,149,84%,23.445,471.98,187.94,92.286,377.58,330.38,283.18,165.18,283.18,236,471.98
Photoelectric Sensors,Compact square Photoelectric Sensors,E3Z,E3Z 8012A,E3Z-R81-M1TJ-IL2 0.3M OMS,Key Promotional Product,,149,76%,35.795,474.78,237.42,151.484,379.84,332.38,284.88,166.18,284.88,237.42,474.78
Photoelectric Sensors,Compact square Photoelectric Sensors,E3Z,E3Z 4043M,E3Z-T86 OMI,Key Promotional Product,✅,149,80%,30.472,624.6,248.72,195.444,499.66,437.22,374.76,218.6,374.76,312.3,624.6
Photoelectric Sensors,Compact square Photoelectric Sensors,E3Z Laser,E3Z 7420B,E3Z-LR86 OMS,Key Promotional Product,,209,64%,75.538,905.82,363.16,284.702,724.64,634.06,543.48,317.04,543.48,452.92,905.82
Photoelectric Sensors,Compact square Photoelectric Sensors,E3Z Laser,E3Z 7412A,E3Z-LL86 OMS,Key Promotional Product,,239,63%,87.843,1058.42,425.36,304.68,846.74,740.9,635.04,370.44,635.04,529.22,1058.42
Photoelectric Sensors,Compact square Photoelectric Sensors,E3Z-B,E3Z 7201C,E3Z-B66 OMS,Key Promotional Product,,219,85%,32.597,580.8,230.36,141.992,464.62,406.54,348.48,203.3,348.48,290.4,580.8
Photoelectric Sensors,Compact square Photoelectric Sensors,E3ZM,E3ZM0019C,E3ZM-R81 2M,Key Promotional Product,,179,78%,39.006,609.82,242.96,181.957,487.86,426.88,365.9,213.44,365.9,304.94,609.82
Photoelectric Sensors,Compact square Photoelectric Sensors,E3ZM,E3ZM0020G,E3ZM-R86,Key Promotional Product,,179,78%,39.782,580.8,230.36,181.461,464.62,406.54,348.48,203.3,348.48,290.4,580.8
Photoelectric Sensors,Compact square Photoelectric Sensors,E3ZM,E3ZM0023A,E3ZM-T81 2M,Key Promotional Product,,279,77%,65.267,773.04,307.98,228.626,618.44,541.12,463.82,270.56,463.82,386.52,773.04
Photoelectric Sensors,Compact square Photoelectric Sensors,E3ZM,E3ZM0004E,E3ZM-D87,Key Promotional Product,,279,84%,43.415,713.6,285.44,150.114,570.88,499.54,428.16,249.76,428.16,356.84,713.6
Photoelectric Sensors,Compact square Photoelectric Sensors,E3ZM,E3ZM0024M,E3ZM-T86,Key Promotional Product,,279,76%,66.787,736.22,293.92,214.764,588.98,515.36,441.76,257.68,441.76,368.14,736.22
Photoelectric Sensors,Compact square Photoelectric Sensors,E3ZM-B,E3ZM0269B,E3ZM-B86T,Key Promotional Product,,299,84%,48.074,732.62,294.96,237.176,586.12,512.84,439.58,256.42,439.58,366.3,732.62
Safety Light Curtain,Safety Light Curtain,F3SG-SR/PG,F39S0110D,F39-JGR3K-L,Key Promotional Product,,35.99,36%,23.1,70.7,38.88,0,63.64,53.02,56.56,53.02,45.96,42.42,38.88
Safety Light Curtain,Safety Light Curtain,F3SG-SR/PG,F39S0111B,F39-JGR3K-D,Key Promotional Product,,35.99,37%,22.7,69.7,38.32,0,62.72,52.26,55.76,52.26,45.3,41.82,38.32
Safety Light Curtain,Safety Light Curtain,F3SG-SR/PG,F39S0011F,F39-LSGTB-K,Key Promotional Product,✅,49,29%,34.7,89.9,49.44,0,80.9,67.42,71.92,67.42,58.42,53.94,49.44
Safety Light Curtain,Safety Light Curtain,F3SG-SR/PG,F39S8002M,F39-LSGA,Key Promotional Product,✅,52.99,21%,42,128.28,70.54,0,115.44,96.2,102.62,96.2,83.38,76.96,70.54
Safety Light Curtain,Safety Light Curtain,F3SG-SR/PG,F39S0104M,F39-JG7C-L,Key Promotional Product,,60.99,19%,49.7,152.5,83.88,0,137.26,114.38,122,114.38,99.14,91.5,83.88
Safety Light Curtain,Safety Light Curtain,F3SG-SR/PG,F39S0105H,F39-JG7C-D,Key Promotional Product,,60.99,19%,49.7,152.5,83.88,0,137.26,114.38,122,114.38,99.14,91.5,83.88
Safety Light Curtain,Safety Light Curtain,F3SG-SR/PG,F39S0107D,F39-JG10C-L,Key Promotional Product,✅,79.99,22%,62,189.88,104.44,0,170.9,142.42,151.9,142.42,123.42,113.92,104.44
Safety Light Curtain,Safety Light Curtain,F3SG-SR/PG,F39S0108B,F39-JG10C-D,Key Promotional Product,✅,79.99,22%,62,189.88,104.44,0,170.9,142.42,151.9,142.42,123.42,113.92,104.44
Safety Light Curtain,Safety Light Curtain,F3SG-SR/PG,F3G21146C,F3SG-4SRB0880-25-K,Key Promotional Product,✅,1749,33%,1166.1,2855.28,1570.4,0,2569.74,2141.46,2284.22,2141.46,1855.92,1713.16,1570.4
Safety Light Curtain,Safety Light Curtain,F3SG-SR/PG,F3G21152H,F3SG-4SRB1200-25-K,Key Promotional Product,✅,2169,33%,1443.8,3535,1944.26,0,3181.5,2651.26,2828,2651.26,2297.76,2121,1944.26
Safety Light Curtain,Safety Light Curtain,F3SG-SR/PG,F3G21156M,F3SG-4SRB1520-25-K,Key Promotional Product,✅,2589,33%,1721.8,4215.74,2318.66,0,3794.16,3161.8,3372.6,3161.8,2740.24,2529.44,2318.66
Safety Light Curtain,Safety Light Curtain,F3SG-SR/PG,F3G28052M,F3SG-4SRA1200-25,Key Promotional Product,✅,1599,47%,840,2186.66,1202.66,0,1967.98,1639.98,1749.32,1639.98,1421.32,1312,1202.66
Safety Light Curtain,Safety Light Curtain,F3SG-SR/PG,F3G28056B,F3SG-4SRA1520-25,Key Promotional Product,✅,1799,48%,930,2459.36,1352.64,0,2213.42,1844.52,1967.48,1844.52,1598.58,1475.62,1352.64
Safety Light Curtain,Safety Light Curtain,F3SG-SR/PG,F3G28046E,F3SG-4SRA0880-25,Key Promotional Product,✅,1199,47%,640,1777.6,977.68,0,1599.84,1333.2,1422.08,1333.2,1155.44,1066.56,977.68
Safety Switches,Non-contact switches,F3S-TGR-N_C,AA020783BP,F3S-TGR-NLPC-21-05,Key Promotional Product,,114,41%,67.32,272.34,149.78,72.77,245.1,204.26,217.86,204.26,177.02,163.4,149.78
Safety Switches,Non-contact switches,F3S-TGR-N_C,AA020791CP,F3S-TGR-NSMC-21-05,Key Promotional Product,,289,65%,99.907,643,353.66,117,578.7,482.26,514.42,482.26,417.96,385.8,353.66
Safety Switches,Non-contact switches,F3S-TGR-N_M/-N_U,AA040382HP,F3S-TGR-NLPU-21-05,Key Promotional Product,,169,45%,93.625,400.44,220.24,79.4,360.38,300.32,320.34,300.32,260.28,240.26,220.24
Safety Switches,Non-contact switches,F3S-TGR-N_M/-N_U,AA040048RP,F3S-TGR-NSPM-21-M1J8,Key Promotional Product,,169,38%,104.856,454.04,249.74,99.67,408.64,340.54,363.24,340.54,295.14,272.42,249.74
Safety Switches,Non-contact switches,F3S-TGR-N_M/-N_U,AA040380AP,F3S-TGR-NSPM-21-05,Key Promotional Product,✅,179,49%,91.73,392.9,216.1,77.7,353.6,294.68,314.32,294.68,255.38,235.74,216.1
Safety Switches,Non-contact switches,F3S-TGR-N_M/-N_U,AA040384DP,F3S-TGR-NLPM-21-05,Key Promotional Product,✅,189,50%,93.625,400.44,220.24,79.4,360.38,300.32,320.34,300.32,260.28,240.26,220.24
Safety Switches,Non-contact switches,F3S-TGR-N_R,AA031318GP,F3S-TGR-NSPR-21-M1J8,Key Promotional Product,,279,63%,102.08,671.2,369.16,173.48,604.08,503.4,536.96,503.4,436.3,402.72,369.16
Safety outputs,Safety Relays,G7SA,G7SA0001R,G7SA-3A1B DC24,Key Promotional Product,,50,89%,5.481,178.94,75.14,40.002,143.16,125.24,107.36,62.62,107.36,89.48,178.94
Safety outputs,Safety Relays,G7SA,G7SA0002G,G7SA-2A2B DC24,Key Promotional Product,,50,89%,5.481,178.94,75.14,47.484,143.16,125.24,107.36,62.62,107.36,89.48,178.94
Safety outputs,Safety Relays,G7SA,G7SA0160M,G7SA-4A2B DC24 BY OMZ,Key Promotional Product,,50,79%,10.319,197.14,82.64,40.641,157.7,138,118.3,69,118.3,98.56,197.14
Safety outputs,Safety Relays,G7SA,G7SA0161R,G7SA-3A3B DC24 BY OMZ,Key Promotional Product,,50,73%,13.414,197.14,82.64,32.909,157.7,138,118.3,69,118.3,98.56,197.14
Safety outputs,Safety Relays,G7SA,G7SA0159G,G7SA-5A1B DC24 BY OMZ,Key Promotional Product,,50,83%,8.748,197.14,82.64,34.289,157.7,138,118.3,69,118.3,98.56,197.14
Safety relay units,Safety relay units,G9SE,G9SE0001C,G9SE-201 DC24,Key Promotional Product,✅,199,80%,39.085,312.62,188.32,110.802,250.12,218.84,265.72,200.08,200.08,200.08,200.08
Safety relay units,Safety relay units,G9SE,G9SE0002A,G9SE-401 DC24,Key Promotional Product,✅,189,76%,45.928,375.9,226.1,140.802,300.7,263.12,319.5,240.58,240.58,240.58,240.58
Safety logic control systems,Programmable safety controllers,G9SP-N_,G9SP0001B,G9SP-N10S,Key Promotional Product,,499,61%,193.255,1588.34,952.44,484.166,1270.66,1111.82,1350.06,1016.54,1016.54,1016.54,1016.54
Safety logic control systems,Programmable safety controllers,G9SP-N_,G9SP0003R,G9SP-N20S,Key Promotional Product,✅,699,69%,214.706,1750.84,1049.94,619.619,1400.68,1225.58,1488.2,1120.54,1120.54,1120.54,1120.54
Connectors and Cordsets,Connectors and Cordsets,M12 Connectors & Cordsets,XS2F0712M,XS2F-M12PVC4A2M,Key Promotional Product,✅,10,54%,4.572,16.02,8.8,6.631,14.4,12.02,11.2,11.2,10.4,9.62,8.8
Connectors and Cordsets,Connectors and Cordsets,M12 Connectors & Cordsets,XS2F0717A,XS2F-M12PVC4S2M,Key Promotional Product,✅,10,56%,4.412,16.02,8.8,6.756,14.4,12.02,11.2,11.2,10.4,9.62,8.8
Connectors and Cordsets,Connectors and Cordsets,M12 Connectors & Cordsets,XS2F0713R,XS2F-M12PVC4A5M,Key Promotional Product,✅,17.99,64%,6.472,22.68,10.02,10.512,20.44,17.04,15.88,17.04,14.76,13.62,12.5
Connectors and Cordsets,Connectors and Cordsets,M12 Connectors & Cordsets,XS2F0183A,XS2F-D421-G80-F,Key Promotional Product,,17.99,56%,7.958,67.56,27.08,15.925,54.04,47.28,40.54,23.66,40.54,33.8,67.56
Connectors and Cordsets,Connectors and Cordsets,M12 Connectors & Cordsets,XS5F0009G,XS5F-D421-G80-F,Key Promotional Product,✅,17.99,59%,7.394,48.3,32.18,10.145,38.64,33.84,41.06,30.9,30.9,30.9,30.9
Connectors and Cordsets,Connectors and Cordsets,M12 Connectors & Cordsets,XS2F0190D,XS2F-D421-J80-F,Key Promotional Product,,21.99,29%,15.512,109.82,43.92,29.661,87.86,76.88,65.9,38.44,65.9,54.92,109.82
Connectors and Cordsets,Connectors and Cordsets,M12 Connectors & Cordsets,XS2F0441E,XS2F-E421-G80-E,Key Promotional Product,,49.99,43%,28.324,135.14,67.56,44.129,108.1,94.56,81.08,47.28,81.08,67.56,135.14
Connectors and Cordsets,Connectors and Cordsets,M8 Connectors & Cordsets,XS3F0253M,XS3F-M8PVC4S2M,Key Promotional Product,✅,10,52%,4.779,14.04,8.42,7.243,12.62,10.54,9.82,10.54,9.12,8.42,7.72
Connectors and Cordsets,Connectors and Cordsets,M8 Connectors & Cordsets,XS3F0254H,XS3F-M8PVC4S5M,Key Promotional Product,✅,10,42%,5.804,16.7,10.02,10.813,15.04,12.52,11.68,12.52,10.86,10.02,9.2
Connectors and Cordsets,Connectors and Cordsets,M8 Connectors & Cordsets,XS3F0189D,XS3F-M321-305-R,Key Promotional Product,,12.99,58%,5.462,50.7,25.4,25.06,40.56,35.5,30.42,17.76,30.42,25.34,50.7
Connectors and Cordsets,Connectors and Cordsets,M8 Connectors & Cordsets,XS3F0191F,XS3F-M322-305-R,Key Promotional Product,,12.99,58%,5.462,50.7,25.4,25.06,40.56,35.5,30.42,17.76,30.42,25.34,50.7
Photoelectric Sensors,Photoelectric accessories,Photoelectric sensor accessories,E39 1224M,E39-R1S,Key Promotional Product,✅,10,89%,1.053,16.36,9,10.541,14.72,12.28,13.1,12.28,10.64,9.82,9
Safety Light Curtain,Safety Light Curtain,Safety light curtain accessories,F39S8201E,F39-SGIT-IL3,Key Promotional Product,,388.08,46%,209.1,697.92,383.86,0,628.12,523.44,558.32,523.44,453.64,418.74,383.86
Measurement Sensors,Laser displacement sensor,ZX2,ZX  0075E,ZX2-LD50L 0.5M,Key Promotional Product,,859.99,75%,212.403,2033.46,1301.46,660.94,1626.78,1423.44,1728.44,1301.42,1301.42,1301.42,1301.42
Measurement Sensors,Laser displacement sensor,ZX-L,ZX  1052A,ZX-LDA41-N 2M,Key Promotional Product,,799,75%,201.019,2073.56,1328.04,817.654,1658.84,1451.48,1762.52,1327.08,1327.08,1327.08,1327.08
Photoelectric Sensors,Compact square Photoelectric Sensors,E3AS-HF,E3AS0215E,E3AS-HF6000SMN-M1TJ 0.3M,New Product,,999,#N/A,#N/A,#N/A,,,,,,,,,
Photoelectric Sensors,Compact square Photoelectric Sensors,E3AS-HF,E3AS0202C,E3AS-HF6000DMN M1H,New Product,,999,#N/A,#N/A,#N/A,,,,,,,,,
Photoelectric Sensors,Compact square Photoelectric Sensors,E3AS-HF,E3AS0207D,E3AS-HF6000DMT M1H,New Product,,999,#N/A,#N/A,#N/A,,,,,,,,,
Photoelectric Sensors,Compact square Photoelectric Sensors,E3AS-HF,E3AS0219H,E3AS-HF6000SMT M1V,New Product,,999,#N/A,#N/A,#N/A,,,,,,,,,
Photoelectric Sensors,Compact square Photoelectric Sensors,E3AS-HF,E3AS0220A,E3AS-HF6000SMT-M1TJ 0.3M,New Product,✅,799,#N/A,#N/A,#N/A,,,,,,,,,
Photoelectric Sensors,Compact square Photoelectric Sensors,E3AS-HF,E3AS0218M,E3AS-HF6000SMT M1H,New Product,,999,#N/A,#N/A,#N/A,,,,,,,,,
Photoelectric Sensors,Compact square Photoelectric Sensors,E3AS-HF,E3AS0213R,E3AS-HF6000SMN M1H,New Product,,999,#N/A,#N/A,#N/A,,,,,,,,,
Photoelectric Sensors,Compact square Photoelectric Sensors,E3AS-HF,E3AS0200G,E3AS-HF6000DMN 2M,New Product,,999,#N/A,#N/A,#N/A,,,,,,,,,
Photoelectric Sensors,Compact square Photoelectric Sensors,E3AS-HF,E3AS0210D,E3AS-HF6000SMN 2M,New Product,,999,#N/A,#N/A,#N/A,,,,,,,,,
Photoelectric Sensors,Compact square Photoelectric Sensors,E3AS-HF,E3AS0203A,E3AS-HF6000DMN M1V,New Product,,999,#N/A,#N/A,#N/A,,,,,,,,,
Photoelectric Sensors,Compact square Photoelectric Sensors,E3AS-HF,E3AS0205H,E3AS-HF6000DMT 2M,New Product,,999,#N/A,#N/A,#N/A,,,,,,,,,
Photoelectric Sensors,Compact square Photoelectric Sensors,E3AS-HF,E3AS0217A,E3AS-HF6000SMT 5M,New Product,✅,799,#N/A,#N/A,#N/A,,,,,,,,,
Photoelectric Sensors,Compact square Photoelectric Sensors,E3AS-HF,E3AS0214G,E3AS-HF6000SMN M1V,New Product,,999,#N/A,#N/A,#N/A,,,,,,,,,
Photoelectric Sensors,Compact square Photoelectric Sensors,E3AS-HF,E3AS0208B,E3AS-HF6000DMT M1V,New Product,,999,#N/A,#N/A,#N/A,,,,,,,,,
Photoelectric Sensors,Compact square Photoelectric Sensors,E3AS-HF,E3AS0216C,E3AS-HF6000SMT 2M,New Product,,999,#N/A,#N/A,#N/A,,,,,,,,,
Photoelectric Sensors,Compact square Photoelectric Sensors,E3AS-HF,E3AS0206F,E3AS-HF6000DMT 5M,New Product,,999,#N/A,#N/A,#N/A,,,,,,,,,
Photoelectric Sensors,Compact square Photoelectric Sensors,E3AS-HF,E3AS0209M,E3AS-HF6000DMT-M1TJ 0.3M,New Product,✅,799,#N/A,#N/A,#N/A,,,,,,,,,
Photoelectric Sensors,Compact square Photoelectric Sensors,E3AS-HF,E3AS0204M,E3AS-HF6000DMN-M1TJ 0.3M,New Product,,999,#N/A,#N/A,#N/A,,,,,,,,,
Photoelectric Sensors,Compact square Photoelectric Sensors,E3AS-HF,E3AS0212M,E3AS-HF6000SMN 5M,New Product,,999,#N/A,#N/A,#N/A,,,,,,,,,
Photoelectric Sensors,Compact square Photoelectric Sensors,E3AS-HF,E3AS0201E,E3AS-HF6000DMN 5M,New Product,,999,#N/A,#N/A,#N/A,,,,,,,,,
Measurement Sensors,Laser displacement sensor,ZP-L,ZP  0002M,ZP-LS025S 2M,New Product,,999,77%,230.1,0,0,0,0,0,0,0,0,0,0
Measurement Sensors,Laser displacement sensor,ZP-L,ZP  0003H,ZP-LS025L 2M,New Product,,999,77%,230.1,0,0,0,0,0,0,0,0,0,0
Measurement Sensors,Laser displacement sensor,ZP-L,ZP  0004F,ZP-LS050S 2M,New Product,,999,77%,230.1,0,0,0,0,0,0,0,0,0,0
Measurement Sensors,Laser displacement sensor,ZP-L,ZP  0005D,ZP-LS050L 2M,New Product,,999,77%,230.1,0,0,0,0,0,0,0,0,0,0
Measurement Sensors,Laser displacement sensor,ZP-L,ZP  0006B,ZP-LS100S 2M,New Product,,999,77%,230.1,0,0,0,0,0,0,0,0,0,0
Measurement Sensors,Laser displacement sensor,ZP-L,ZP  0007M,ZP-LS100L 2M,New Product,,999,77%,230.1,0,0,0,0,0,0,0,0,0,0
Measurement Sensors,Laser displacement sensor,ZP-L,ZP  0008R,ZP-LS300S 2M,New Product,,999,76%,240.838,0,0,0,0,0,0,0,0,0,0
Measurement Sensors,Laser displacement sensor,ZP-L,ZP  0009G,ZP-LS300L 2M,New Product,,999,76%,240.838,0,0,0,0,0,0,0,0,0,0
Measurement Sensors,Laser displacement sensor,ZP-L,ZP  0010M,ZP-LS600S 2M,New Product,,999,76%,240.838,0,0,0,0,0,0,0,0,0,0
Measurement Sensors,Laser displacement sensor,ZP-L,ZP  0011R,ZP-LS600L 2M,New Product,,999,76%,240.838,0,0,0,0,0,0,0,0,0,0
Measurement Sensors,Laser displacement sensor,ZP-L,ZP  0012G,ZP-LS025S 0.2M,New Product,,999,77%,230.1,0,0,0,0,0,0,0,0,0,0
Measurement Sensors,Laser displacement sensor,ZP-L,ZP  0013E,ZP-LS025L 0.2M,New Product,,999,77%,230.1,0,0,0,0,0,0,0,0,0,0
Measurement Sensors,Laser displacement sensor,ZP-L,ZP  0014C,ZP-LS050S 0.2M,New Product,,999,77%,230.1,0,0,0,0,0,0,0,0,0,0
Measurement Sensors,Laser displacement sensor,ZP-L,ZP  0015A,ZP-LS050L 0.2M,New Product,,999,77%,230.1,0,0,0,0,0,0,0,0,0,0
Measurement Sensors,Laser displacement sensor,ZP-L,ZP  0016M,ZP-LS100S 0.2M,New Product,,999,77%,230.1,0,0,0,0,0,0,0,0,0,0
Measurement Sensors,Laser displacement sensor,ZP-L,ZP  0017H,ZP-LS100L 0.2M,New Product,,999,77%,230.1,0,0,0,0,0,0,0,0,0,0
Measurement Sensors,Laser displacement sensor,ZP-L,ZP  0018F,ZP-LS300S 0.2M,New Product,,999,76%,240.838,0,0,0,0,0,0,0,0,0,0
Measurement Sensors,Laser displacement sensor,ZP-L,ZP  0019D,ZP-LS300L 0.2M,New Product,,999,76%,240.838,0,0,0,0,0,0,0,0,0,0
Measurement Sensors,Laser displacement sensor,ZP-L,ZP  0020H,ZP-LS600S 0.2M,New Product,,999,76%,240.838,0,0,0,0,0,0,0,0,0,0
Measurement Sensors,Laser displacement sensor,ZP-L,ZP  0021F,ZP-LS600L 0.2M,New Product,,999,76%,240.838,0,0,0,0,0,0,0,0,0,0
Measurement Sensors,Laser displacement sensor,ZP-L,ZP  0022D,ZP-LS025SC 2M,New Product,,999,77%,230.1,0,0,0,0,0,0,0,0,0,0
Measurement Sensors,Laser displacement sensor,ZP-L,ZP  0023B,ZP-LS025LC 2M,New Product,,999,77%,230.1,0,0,0,0,0,0,0,0,0,0
Measurement Sensors,Laser displacement sensor,ZP-L,ZP  0024M,ZP-LS050SC 2M,New Product,,999,77%,230.1,0,0,0,0,0,0,0,0,0,0
Measurement Sensors,Laser displacement sensor,ZP-L,ZP  0025R,ZP-LS050LC 2M,New Product,,999,77%,230.1,0,0,0,0,0,0,0,0,0,0
Measurement Sensors,Laser displacement sensor,ZP-L,ZP  0026G,ZP-LS100SC 2M,New Product,,999,77%,230.1,0,0,0,0,0,0,0,0,0,0
Measurement Sensors,Laser displacement sensor,ZP-L,ZP  0027E,ZP-LS100LC 2M,New Product,,999,77%,230.1,0,0,0,0,0,0,0,0,0,0
Measurement Sensors,Laser displacement sensor,ZP-L,ZP  0028C,ZP-LS300SC 2M,New Product,,999,76%,240.838,0,0,0,0,0,0,0,0,0,0
Measurement Sensors,Laser displacement sensor,ZP-L,ZP  0029A,ZP-LS300LC 2M,New Product,,999,76%,240.838,0,0,0,0,0,0,0,0,0,0
Measurement Sensors,Laser displacement sensor,ZP-L,ZP  0030E,ZP-LS600SC 2M,New Product,,999,76%,240.838,0,0,0,0,0,0,0,0,0,0
Measurement Sensors,Laser displacement sensor,ZP-L,ZP  0031C,ZP-LS600LC 2M,New Product,,999,76%,240.838,0,0,0,0,0,0,0,0,0,0
Measurement Sensors,Laser displacement sensor,ZP-L,ZP  0032A,ZP-LS025SC 0.2M,New Product,,999,77%,230.1,0,0,0,0,0,0,0,0,0,0
Measurement Sensors,Laser displacement sensor,ZP-L,ZP  0033M,ZP-LS025LC 0.2M,New Product,,999,77%,230.1,0,0,0,0,0,0,0,0,0,0
Measurement Sensors,Laser displacement sensor,ZP-L,ZP  0034H,ZP-LS050SC 0.2M,New Product,,999,77%,230.1,0,0,0,0,0,0,0,0,0,0
Measurement Sensors,Laser displacement sensor,ZP-L,ZP  0035F,ZP-LS050LC 0.2M,New Product,,999,77%,230.1,0,0,0,0,0,0,0,0,0,0
Measurement Sensors,Laser displacement sensor,ZP-L,ZP  0036D,ZP-LS100SC 0.2M,New Product,,999,77%,230.1,0,0,0,0,0,0,0,0,0,0
Measurement Sensors,Laser displacement sensor,ZP-L,ZP  0037B,ZP-LS100LC 0.2M,New Product,,999,77%,230.1,0,0,0,0,0,0,0,0,0,0
Measurement Sensors,Laser displacement sensor,ZP-L,ZP  0038M,ZP-LS300SC 0.2M,New Product,,999,76%,240.838,0,0,0,0,0,0,0,0,0,0
Measurement Sensors,Laser displacement sensor,ZP-L,ZP  0039R,ZP-LS300LC 0.2M,New Product,,999,76%,240.838,0,0,0,0,0,0,0,0,0,0
Measurement Sensors,Laser displacement sensor,ZP-L,ZP  0040B,ZP-LS600SC 0.2M,New Product,,999,76%,240.838,0,0,0,0,0,0,0,0,0,0
Measurement Sensors,Laser displacement sensor,ZP-L,ZP  0041M,ZP-LS600LC 0.2M,New Product,,999,76%,240.838,0,0,0,0,0,0,0,0,0,0
Measurement Sensors,Laser displacement sensor,ZP-L,ZP  0082H,ZP-L3000,New Product,,999,87%,128.5,0,0,0,0,0,0,0,0,0,0
Measurement Sensors,Laser displacement sensor,ZP-L,ZP  0083F,ZP-L3050,New Product,,999,87%,128.5,0,0,0,0,0,0,0,0,0,0
Measurement Sensors,Laser displacement sensor,ZP-L,ZP  0084D,ZP-L3010,New Product,,999,87%,128.856,0,0,0,0,0,0,0,0,0,0
Measurement Sensors,Laser displacement sensor,ZP-L,ZP  0085B,ZP-L3060,New Product,,999,89%,113.3,0,0,0,0,0,0,0,0,0,0
Measurement Sensors,Laser displacement sensor,ZP-L,ZP  0086M,ZP-L3510,New Product,,999,89%,113.3,0,0,0,0,0,0,0,0,0,0
Measurement Sensors,Laser displacement sensor,ZP-L,ZP  0087R,ZP-L3560,New Product,,999,89%,113.3,0,0,0,0,0,0,0,0,0,0
Measurement Sensors,Laser displacement sensor,ZP-L,ZP  0088G,ZP-L3590,New Product,,999,89%,105.8,0,0,0,0,0,0,0,0,0,0
Measurement Sensors,Laser displacement sensor,ZP-L,ZP  0089E,ZP-EIP,New Product,,999,77%,234.702,0,0,0,0,0,0,0,0,0,0
Input and Output (I/O),Remote I/O,NX I/O Series,NXS30010B,NX-SL5700,Key Promotional Product,,,#DIV/0!,611.94,2177.56,1197.66,1712.364,1959.8,1633.18,1742.04,1633.18,1415.42,1306.54,1197.66
Input and Output (I/O),Remote I/O,NX I/O Series,NXS30011M,NX-SL5500,Key Promotional Product,✅,1399,69%,437.57,1557.56,856.66,1197.52,1401.8,1168.18,1246.04,1168.18,1012.42,934.54,856.66
Input and Output (I/O),Remote I/O,NX I/O Series,NXS32007C,NX-SL3300,Key Promotional Product,,,#DIV/0!,122.388,768.04,460.56,250.819,614.44,537.64,652.86,491.56,491.56,491.56,491.56
Input and Output (I/O),Remote I/O,NX I/O Series,NXS32008A,NX-SL3500,Key Promotional Product,,,#DIV/0!,198.979,1248.24,748.4,414.018,998.58,873.74,1061,798.88,798.88,798.88,798.88
Variable Speed Drives,Variable Speed Drives,MX2,3G3M3187G,3G3MX2-AB002-V2,Key Promotional Product,✅,320,44%,179.612,249.61,212.17,197.891,249.61,249.61,237.13,249.61,249.61,249.61,249.61
Variable Speed Drives,Variable Speed Drives,MX2,3G3M3188E,3G3MX2-AB004-V2,Key Promotional Product,✅,320,43%,181.267,256.89,218.35,229.566,256.89,256.89,244.04,256.89,256.89,256.89,256.89
Variable Speed Drives,Variable Speed Drives,MX2,3G3M3189C,3G3MX2-AB007-V2,Key Promotional Product,✅,440,52%,212.31,273.53,232.5,0,273.53,273.53,259.85,273.53,273.53,273.53,273.53
Variable Speed Drives,Variable Speed Drives,MX2,3G3M3190G,3G3MX2-AB015-V2,Key Promotional Product,✅,500,54%,229.646,300.57,255.48,0,300.57,300.57,285.54,300.57,300.57,300.57,300.57
Variable Speed Drives,Variable Speed Drives,MX2,3G3M3191E,3G3MX2-AB022-V2,Key Promotional Product,✅,675,47%,360.663,463.85,394.27,417.549,463.85,463.85,440.65,463.85,463.85,463.85,463.85
Variable Speed Drives,Variable Speed Drives,MX2,3G3M3176A,3G3MX2-A4004-V2,Key Promotional Product,✅,500,50%,247.754,310.97,264.32,359.438,310.97,310.97,295.42,310.97,310.97,310.97,310.97
Variable Speed Drives,Variable Speed Drives,MX2,3G3M3177M,3G3MX2-A4007-V2,Key Promotional Product,✅,560,57%,239.975,310.97,264.32,361.85,310.97,310.97,295.42,310.97,310.97,310.97,310.97
Variable Speed Drives,Variable Speed Drives,MX2,3G3M3178H,3G3MX2-A4015-V2,Key Promotional Product,✅,675,61%,265.382,354.65,301.45,394.952,354.65,354.65,336.91,354.65,354.65,354.65,354.65
Variable Speed Drives,Variable Speed Drives,MX2,3G3M3179F,3G3MX2-A4022-V2,Key Promotional Product,✅,735,57%,319.499,414.97,352.72,493.522,414.97,414.97,394.22,414.97,414.97,414.97,414.97
Variable Speed Drives,Variable Speed Drives,MX2,3G3M3180M,3G3MX2-A4030-V2,Key Promotional Product,✅,855,63%,316.621,436.81,371.29,0,436.81,436.81,414.97,436.81,436.81,436.81,436.81
Variable Speed Drives,Variable Speed Drives,MX2,3G3M3181H,3G3MX2-A4040-V2,Key Promotional Product,✅,975,63%,365.47,546.01,464.11,565.934,546.01,546.01,518.71,546.01,546.01,546.01,546.01
Variable Speed Drives,Variable Speed Drives,MX2,3G3M3182F,3G3MX2-A4055-V2,Key Promotional Product,✅,1215,58%,515.686,666.65,566.65,798.344,666.65,666.65,633.31,666.65,666.65,666.65,666.65
Variable Speed Drives,Variable Speed Drives,MX2,3G3M3183D,3G3MX2-A4075-V2,Key Promotional Product,✅,1570,64%,566.134,797.69,678.03,900.554,797.69,797.69,757.8,797.69,797.69,797.69,797.69
Variable Speed Drives,Variable Speed Drives,MX2,3G3M3184B,3G3MX2-A4110-V2,Key Promotional Product,✅,1599.8,50%,793.842,1086.81,923.79,0,1086.81,1086.81,1032.47,1086.81,1086.81,1086.81,1086.81
Variable Speed Drives,Variable Speed Drives,MX2,3G3M3185M,3G3MX2-A4150-V2,Key Promotional Product,✅,1900,50%,957.501,1375.93,1169.54,1404.291,1375.93,1375.93,1307.13,1375.93,1375.93,1375.93,1375.93
Variable Speed Drives,Variable Speed Drives,RX2,3G3R6024A,3G3RX2-A4185,Key Promotional Product,✅,2019,42%,1170.105,1752.38,1489.54,1685.399,1752.38,1752.38,1664.76,1752.38,1752.38,1752.38,1752.38
Variable Speed Drives,Variable Speed Drives,RX2,3G3R6025M,3G3RX2-A4220,Key Promotional Product,✅,2334,40%,1406.943,2136.66,1816.16,1781.6,2136.66,2136.66,2029.84,2136.66,2136.66,2136.66,2136.66
Variable Speed Drives,Variable Speed Drives,RX2,3G3R6026H,3G3RX2-A4300,Key Promotional Product,✅,3060,37%,1930.729,2739.44,2328.54,2778.635,2739.44,2739.44,2602.48,2739.44,2739.44,2739.44,2739.44
Variable Speed Drives,Variable Speed Drives,RX2,3G3R6027F,3G3RX2-A4370,Key Promotional Product,✅,3438,39%,2107.572,3204.46,2723.78,3035.777,3204.46,3204.46,3044.22,3204.46,3204.46,3204.46,3204.46
Variable Speed Drives,Variable Speed Drives,RX2,3G3R6028D,3G3RX2-A4450,Key Promotional Product,✅,3720,32%,2541.921,3577.96,3041.26,2872.145,3577.96,3577.96,3399.06,3577.96,3577.96,3577.96,3577.96
Variable Speed Drives,Variable Speed Drives,RX2,3G3R6029B,3G3RX2-A4550,Key Promotional Product,✅,5160,47%,2750.443,4272.24,3631.4,2398.181,4272.24,4272.24,4058.62,4272.24,4272.24,4272.24,4272.24
Variable Speed Drives,Variable Speed Drives,RX2,3G3R6030F,3G3RX2-B4750,Key Promotional Product,✅,6520,38%,4070.457,5875,4993.76,6027.468,5875,5875,5581.24,5875,5875,5875,5875
Variable Speed Drives,Variable Speed Drives,RX2,3G3R6031D,3G3RX2-B4900,Key Promotional Product,✅,7440,29%,5257.971,7082.72,6020.32,5959.476,7082.72,7082.72,6728.58,7082.72,7082.72,7082.72,7082.72
Variable Speed Drives,Variable Speed Drives,RX2,3G3R6032B,3G3RX2-B411K,Key Promotional Product,✅,8320,28%,5957.491,9324.86,7926.14,8535.723,9324.86,9324.86,8858.62,9324.86,9324.86,9324.86,9324.86
Variable Speed Drives,Variable Speed Drives,RX2,3G3R6033M,3G3RX2-B413K,Key Promotional Product,✅,9360,18%,7714.279,11219.32,9536.42,8488.716,11219.32,11219.32,10658.36,11219.32,11219.32,11219.32,11219.32
Variable Speed Drives,Variable Speed Drives,MX2,3G3A0121D,3G3AX-MX2-ECT,Key Promotional Product,✅,199,53%,94.489,148.98,126.64,172.955,148.98,148.98,141.52,148.98,148.98,148.98,148.98
Variable Speed Drives,Variable Speed Drives,RX2,3G3A0123M,3G3AX-RX-ECT,Key Promotional Product,✅,399,71%,116.729,572.32,365.98,209.158,457.84,400.62,486.48,366.28,366.28,366.28,366.28
